{"options":{"check_for_updates":true,"comment":null,"compatopts_for_requires":true,"compat_wrappedjsobject":false,"compat_metadata":false,"compat_foreach":false,"compat_arrayleft":false,"compat_uW_gmonkey":false,"compat_forvarin":false,"noframes":null,"awareOfChrome":false,"run_at":null,"override":{"use_includes":[],"orig_includes":["*.fb.com/*","*.facebook.com/*"],"merge_includes":true,"use_matches":[],"orig_matches":[],"merge_matches":true,"use_excludes":[],"orig_excludes":[],"merge_excludes":true,"use_connects":[],"merge_connects":true,"use_blockers":[],"orig_run_at":"document-idle","orig_noframes":null,"orig_connects":[]}},"settings":{"enabled":true,"position":1},"meta":{"name":"xFB-Vid-Blocker (By xYuri)","uuid":"762b6d4c-2291-4796-a2b4-8d2d7e04a9dd","modified":1580020509126,"file_url":"https://gist.github.com/xYuri/da96bd88fb113443c5838e45d409d2c8/raw/xFB-Vid-Blocker.user.js"}}